{
    "name": "Global Information",
    "numberOfRequests": {
        "total": 12395,
        "ok": 10103,
        "ko": 2292
    },
    "minResponseTime": {
        "total": 305,
        "ok": 305,
        "ko": 60000
    },
    "maxResponseTime": {
        "total": 61638,
        "ok": 61579,
        "ko": 61638
    },
    "meanResponseTime": {
        "total": 29419,
        "ok": 22472,
        "ko": 60041
    },
    "standardDeviation": {
        "total": 19149,
        "ok": 13743,
        "ko": 219
    },
    "percentiles1": {
        "total": 19733,
        "ok": 18522,
        "ko": 60001
    },
    "percentiles2": {
        "total": 51333,
        "ok": 24448,
        "ko": 60001
    },
    "percentiles3": {
        "total": 60001,
        "ok": 58363,
        "ko": 60009
    },
    "percentiles4": {
        "total": 60010,
        "ok": 59960,
        "ko": 61312
    },
    "group1": {
    "name": "t < 800 ms",
    "count": 29,
    "percentage": 0
},
    "group2": {
    "name": "800 ms < t < 1200 ms",
    "count": 0,
    "percentage": 0
},
    "group3": {
    "name": "t > 1200 ms",
    "count": 10074,
    "percentage": 81
},
    "group4": {
    "name": "failed",
    "count": 2292,
    "percentage": 18
},
    "meanNumberOfRequestsPerSecond": {
        "total": 32.70448548812665,
        "ok": 26.65699208443272,
        "ko": 6.047493403693931
    }
}